"Name","ShortName","ModeAndPID","Equation","Min Value","Max Value","Units","OBD Header"
"[T1] BMW Oil temp after filter","OilT","224402","(A*256+B)*0.75-48","-40","150","C","7DF"
"[T1] BMW Oil pressure absolute","OilPabs","224436","(A*256+B)","0","3500","hPa","7DF"
"[T1] BMW Oil pressure","OilP","22586F","SIGNED(A*256+B)","0","3500","hPa","7DF"
"[T1] BMW Boost pressure","Boost","224205","(A*256+B)*0.078125","0","3500","hPa","7DF"
"[T1] BMW Boost setpoint","BstSp","224AB0","(A*256+B)*0.0390625","0","3500","hPa","7DF"
"[T1] BMW Ambient pressure","AmbP","224201","(A*256+B)*0.0390625","0","3500","hPa","7DF"
"[T1] BMW Trans temp via DME (ZF8)","ATF_DME","224650","A*0.75-48","-40","150","C","7DF"
"[T1] BMW Coolant temp","CoolT","224300","A*0.75-48","-40","150","C","7DF"
"[T1] BMW Intake air temp","IAT","22580F","A*0.75-48","-40","150","C","7DF"
"[T1] BMW Intake manifold pressure","MAP","224A2D","(A*256+B)*0.078125","0","3500","hPa","7DF"
"[T1] BMW Battery voltage","BattV","22586A","(A*256+B)*0.00025+6","0","16","V","7DF"
"[T1] BMW Engine speed","RPM","224807","(A*256+B)*0.25","0","7000","1/min","7DF"
"[T1] BMW Vehicle speed","VSS","224AB1","(A*256+B)*0.0078125","0","280","km/h","7DF"
"[T1] BMW Accelerator pedal","Accel","22480B","(A*256+B)*0.00152590218967","0","100","%","7DF"
"[T2] BMW Oil temp unfiltered","OilTraw","224408","SIGNED(A*256+B)*0.1","-40","150","C","7DF"
"[T2] BMW Oil temp sump","SumpT","224425","SIGNED(A*256+B)*0.1","-40","150","C","7DF"
"[T2] BMW Oil pressure setpoint","OilPsp","225862","(A*256+B)*0.1","0","1000","kPa","7DF"
"[T2] BMW Boost pressure raw","BoostRaw","2258DD","(A*256+B)*0.078125","0","3500","hPa","7DF"
"[T2] BMW Rail pressure filtered","RailP","2258EF","(A*256+B)*0.0005","0","40","MPa","7DF"
"[T2] BMW Rail pressure setpoint","RailPsp","225837","(A*256+B)*0.0005","0","40","MPa","7DF"
"[T2] BMW Lambda actual","Lambda","225889","(A*256+B)*0.000244140625","0","2","","7DF"
"[T2] BMW VANOS inlet angle","VanIn","224506","(A*256+B)*0.1","-60","60","degKW","7DF"
"[T2] BMW VANOS exhaust angle","VanEx","224507","(A*256+B)*0.1","-60","60","degKW","7DF"
"[T2] BMW Ignition angle actual","IgnAct","2259FA","SIGNED(A)*0.75","-60","60","degKW","7DF"
"[T2] BMW Ignition angle output","IgnOut","2259FC","SIGNED(A)*0.75","-60","60","degKW","7DF"
"[T2] BMW Generator current","GenA","224604","SIGNED(A*256+B)*0.125","-200","200","A","7DF"
"[T2] BMW Battery current","BattA","224606","(A*256+B)*0.08-200","-200","200","A","7DF"
"[T2] BMW IBS battery voltage","IBS_V","225853","(A*256+B)*0.001","0","16","V","7DF"
"[T2] BMW IBS battery current","IBS_A","225852","(A*256+B)*0.02-200","-200","200","A","7DF"
"[T2] BMW IBS battery temp","IBS_T","225854","A*0.75-48","-40","150","C","7DF"
"[T2] BMW Fuel temp","FuelT","224AD5","A*0.75-48","-40","150","C","7DF"
"[T2] BMW Fuel mass flow","FuelFlow","224521","(A*256+B)*0.1","0","800","kg/h","7DF"
"[T2] BMW Fuel consumption regulated","ConsReg","224AC0","(A*256+B)*0.00389105058366","0","50","l/h","7DF"
"[T2] BMW Throttle mass flow","ThrFlow","224206","(A*256+B)*0.03125","0","800","kg/h","7DF"
"[T2] BMW Throttle angle","ThrAng","224600","SIGNED(A*256+B)*0.0244140625","0","100","%","7DF"
"[T2] BMW Radiator outlet coolant","RadOut","225890","A*0.75-48","-40","150","C","7DF"
"[T2] BMW Actual gear (DME)","GearDME","225881","A","0","10","","7DF"
"[T2] BMW Trans input torque","TQ_In","225717","SIGNED(A*256+B)*0.1","-100","500","Nm","7DF"
"[T2] BMW Gear input speed","InShaft","224683","(A*256+B)*0.1453421","0","7000","1/min","7DF"
"[T2] BMW Oil kilometers","OilKm","224404","(A*256+B)*10","0","50000","km","7DF"
"[T2] BMW Oil life months","OilLife","224412","(A*256+B)","0","36","mth","7DF"
"[T2] BMW IAT before throttle","IATpre","2259D4","(A*256+B)*0.0234375-273.15","-40","150","C","7DF"
"[T2] BMW Boost control difference","BstDiff","224536","SIGNED(A*256+B)*0.125","-500","500","hPa","7DF"
"[T2] BMW Electric fan duty","FanDC","224611","A","0","100","","7DF"
"[T2] BMW Water pump actual speed","WpRpm","2258EA","A","0","7000","1/min","7DF"
"[T2] BMW Timing cyl1","IgnCyl1","224A49","SIGNED(A*256+B)*0.1","-60","60","degKW","7DF"
"[T3] BMW Battery voltage AD","BattVad","22583C","A*0.0942","0","16","V","7DF"
"[T3] BMW Battery temp","BattT","22589F","A*0.75-48","-40","150","C","7DF"
"[T3] BMW NV battery SOC","SOC","225916","A*0.5","0","100","%","7DF"
"[T3] BMW Relative oil level","OilLvl","225866","A","0","100","","7DF"
"[T3] BMW Oil level raw mm","OilLvlmm","22442C","A","0","200","mm","7DF"
"[T3] BMW Engine start temp","StartT","225882","A*0.75-48","-40","150","C","7DF"
"[T3] BMW Engine temp at shutdown","OffT","2258D1","A*0.75-48","-40","150","C","7DF"
"[T3] BMW Long acceleration","AccLong","224811","SIGNED(A)*0.217","-20","20","m/s2","7DF"
"[T3] BMW Lat acceleration","AccLat","224812","SIGNED(A*256+B)*0.0015625","-20","20","m/s2","7DF"
"[T3] BMW Engine speed hi-res","RPMhi","22592A","SIGNED(A*256+B)*0.5","0","7000","1/min","7DF"
"[ZF] BMW ZF8 ATF (EGS DA12 try A-40)","ATF_EGS","22DA12","A-40","-40","150","C","618"
"[ZF] BMW ZF8 ATF (EGS DA12 try x0.75)","ATF_EGS2","22DA12","A*0.75-48","-40","150","C","618"
